{
  "metadata": {
    "study_type": "秩法图系统优化研究",
    "timestamp": "20260211_151159",
    "methodology": "参数空间探索与优化"
  },
  "exploration_results": {
    "total_samples": 2000,
    "best_sample": {
      "id": 466,
      "parameters": {
        "base_excitation": 0.5926012024759431,
        "pressure_sensitivity": 0.5200385213048181,
        "adaptive_capacity": 0.9123160955116094,
        "resilience_factor": 2.864595002100397
      },
      "performance": {
        "resilience_index": 1.2238560950884219,
        "avg_excitation": 0.7508785049931964,
        "critical_pressure": 0.9473684210526315,
        "gradient_std": 0.39596806251152034,
        "performance_score": 1.0508787395058792,
        "excitations": [
          0.5926012024759431,
          0.6504618673565693,
          0.695279749037682,
          0.7294141054088892,
          0.7548044409898099,
          0.7730465697944421,
          0.7854544594307303,
          0.7931106197820703,
          0.796907237955941,
          0.7975798194693174,
          0.7957347468723075,
          0.7918718906071409,
          0.7864031870820661,
          0.7796679235540872,
          0.771945329052196,
          0.7634649579178892,
          0.7544152618796877,
          0.744950673434426,
          0.7351974641558221,
          0.7252585936069109
        ]
      }
    },
    "param_patterns": {
      "base_excitation": {
        "mean": 0.8428113716262671,
        "std": 0.20352982395706584,
        "range": [
          0.5019778389216714,
          1.1867618101084827
        ],
        "recommended": 0.8465610046006733
      },
      "pressure_sensitivity": {
        "mean": 0.8428336452027019,
        "std": 0.24150866638059804,
        "range": [
          0.5063634690027572,
          1.6157732267805094
        ],
        "recommended": 0.8037119778151731,
        "note": "较低的值表示系统对压力不敏感"
      },
      "adaptive_capacity": {
        "mean": 0.6641172811698917,
        "std": 0.21861157532870013,
        "range": [
          0.10872692744223345,
          0.999072715255347
        ],
        "recommended": 0.68638706549744,
        "note": "较高的值表示系统适应能力强"
      },
      "resilience_factor": {
        "mean": 1.7989399446858352,
        "std": 0.7268460066585701,
        "range": [
          0.10175407865729373,
          2.9989029150875908
        ],
        "recommended": 1.8882888201705312,
        "note": "较高的值表示恢复速度快"
      },
      "discoveries": [
        "优秀系统通常具有高适应性(α > 0.5)",
        "优秀系统通常对压力不敏感(β < 2.0)",
        "优秀系统通常有快恢复速度(γ > 0.8)"
      ]
    }
  },
  "optimization_results": [
    {
      "type": "single_objective",
      "parameters": {
        "base_excitation": 0.5,
        "pressure_sensitivity": 0.5,
        "adaptive_capacity": 1.0,
        "resilience_factor": 2.6888824737990444
      },
      "performance": {
        "resilience_index": 1.288028772998062,
        "avg_excitation": 0.6539566716747165,
        "critical_pressure": 0.9473684210526315,
        "gradient_std": 0.3480408000365719,
        "performance_score": 1.103173272193083,
        "excitations": [
          0.5,
          0.5514688120232349,
          0.5920925105553564,
          0.6237295663063174,
          0.647924268670541,
          0.6659609405648104,
          0.6789084799908615,
          0.6876570272865763,
          0.6929482061829156,
          0.6954001080261267,
          0.6955279662038591,
          0.6937612898729236,
          0.6904580831910114,
          0.6859166611428703,
          0.6803854800480297,
          0.6740713254878368,
          0.6671461391840019,
          0.6597527165220369,
          0.6520094657359895,
          0.644014386499031
        ]
      },
      "optimization_success": true,
      "message": "CONVERGENCE: NORM OF PROJECTED GRADIENT <= PGTOL"
    }
  ],
  "recommendations": {
    "parameter_ranges": {
      "base_excitation": {
        "optimal_range": "0.50 - 1.19",
        "recommended_value": "0.85"
      },
      "pressure_sensitivity": {
        "optimal_range": "0.51 - 1.62",
        "recommended_value": "0.80"
      },
      "adaptive_capacity": {
        "optimal_range": "0.11 - 1.00",
        "recommended_value": "0.69"
      },
      "resilience_factor": {
        "optimal_range": "0.10 - 3.00",
        "recommended_value": "1.89"
      }
    },
    "design_principles": [
      "优先提高适应性系数α（0.5以上）",
      "保持压力敏感性β在较低水平（2.0以下）",
      "确保恢复速度γ足够快（0.8以上）",
      "在坤转临界点(p≈0.1-0.2)设置预警机制",
      "平衡韧性(>0.5)与激发水平"
    ],
    "application_advice": {
      "for_organizations": "设计弹性组织文化，提高团队适应性",
      "for_ecosystems": "保护生物多样性以增强系统韧性",
      "for_individuals": "培养心理弹性，建立压力适应机制",
      "for_ai_systems": "设计自适应学习算法，动态调整参数"
    }
  }
}