{
  "metadata": {
    "study_type": "秩法图理论版本比较",
    "timestamp": "20260212_200213",
    "test_parameters": {
      "base_excitation": 0.85,
      "pressure_sensitivity": 0.8,
      "adaptive_capacity": 0.69,
      "resilience_factor": 1.89
    }
  },
  "comparison_results": {
    "V1_原始理论": {
      "predictions": [
        0.85,
        0.8581803073077253,
        0.8652888421229139,
        0.8714059349918319,
        0.87660586358702,
        0.880957351578633,
        0.8845240214294042,
        0.887364805897442,
        0.8895343224762232,
        0.8910832145174205,
        0.8920584623597011,
        0.8925036674167909,
        0.8924593118538089,
        0.8919629961959281,
        0.8910496569626261,
        0.88975176619967,
        0.888099514585647,
        0.8861209796170734,
        0.8838422802229858,
        0.8812877190240214,
        0.8784799133301907,
        0.875439915864012,
        0.8721873260998021,
        0.8687403930243252,
        0.8651161100474992,
        0.861330302723336,
        0.8573977098799239,
        0.8533320587021366,
        0.8491461342612453,
        0.8448518439410618,
        0.8404602771701103,
        0.835981760833142,
        0.831425910702639,
        0.8268016792014261,
        0.8221173997807991,
        0.8173808281743901,
        0.8125991807660469,
        0.8077791702901083,
        0.8029270390643772,
        0.7980485899396444,
        0.793149215134668,
        0.7882339231118736,
        0.7833073636366288,
        0.778373851151591,
        0.7734373865872944,
        0.7685016777206621,
        0.7635701581844807,
        0.7586460052229511,
        0.7537321562811651,
        0.7488313245097047
      ],
      "metrics": {
        "resilience_index": 0.8809780288349467,
        "avg_excitation": 0.8435081524736822,
        "max_excitation": 0.8925036674167909,
        "min_excitation": 0.7488313245097047,
        "critical_pressure": 0.8979591836734693,
        "min_gradient": -0.2418682490577595,
        "inflection_points": [
          0.8979591836734693
        ],
        "high_pressure_mean": 0.7709783061541019,
        "gradient_std": 0.18241688970153785,
        "is_plausible": {
          "checks": [
            [
              "无负值",
              true
            ],
            [
              "韧性合理",
              true
            ],
            [
              "高压行为合理",
              true
            ]
          ],
          "plausibility_score": 1.0,
          "is_acceptable": true
        }
      },
      "plausibility_score": 0.9999999999999999
    },
    "V2_有界适应": {
      "predictions": [
        0.85,
        0.8581803073077253,
        0.8652888421229139,
        0.8714059349918319,
        0.87660586358702,
        0.880957351578633,
        0.8845240214294042,
        0.887364805897442,
        0.8895343224762232,
        0.8910832145174205,
        0.8920584623597011,
        0.8925036674167909,
        0.8924593118538089,
        0.8919629961959281,
        0.8910496569626261,
        0.8876229508196721,
        0.8761326860841424,
        0.8649361022364217,
        0.8540220820189275,
        0.843380062305296,
        0.833,
        0.8228723404255318,
        0.8129879879879881,
        0.8033382789317507,
        0.7939149560117302,
        0.7847101449275362,
        0.7757163323782235,
        0.7669263456090651,
        0.7583333333333334,
        0.7499307479224376,
        0.7417123287671233,
        0.7336720867208673,
        0.7258042895442359,
        0.7181034482758621,
        0.7105643044619422,
        0.7031818181818182,
        0.6959511568123394,
        0.6888676844783714,
        0.681926952141058,
        0.6751246882793017,
        0.6684567901234569,
        0.661919315403423,
        0.6555084745762711,
        0.649220623501199,
        0.6430522565320665,
        0.637,
        0.631060606060606,
        0.6252309468822171,
        0.619508009153318,
        0.6138888888888889
      ],
      "metrics": {
        "resilience_index": 0.7222222222222223,
        "avg_excitation": 0.7784511555694779,
        "max_excitation": 0.8925036674167909,
        "min_excitation": 0.6138888888888889,
        "critical_pressure": 0.32653061224489793,
        "min_gradient": -0.5558277902896371,
        "inflection_points": [
          0.3469387755102041
        ],
        "high_pressure_mean": 0.6404845911121446,
        "gradient_std": 0.26604404862619807,
        "is_plausible": {
          "checks": [
            [
              "无负值",
              true
            ],
            [
              "韧性合理",
              true
            ],
            [
              "高压行为合理",
              true
            ]
          ],
          "plausibility_score": 1.0,
          "is_acceptable": true
        }
      },
      "plausibility_score": 0.9999999999999999
    },
    "V3_S型抑制": {
      "predictions": [
        0.8499691294492823,
        0.8721541203643354,
        0.8934981891374922,
        0.9140328648551814,
        0.9337884295693678,
        0.9527939555235081,
        0.9710773391575255,
        0.988665331687106,
        1.0055835660021921,
        1.0218565795708037,
        1.0375078329658962,
        1.0525597235531823,
        1.0670335937848603,
        1.0809497334358396,
        1.0943273749928775,
        1.104535637035285,
        1.104453333652972,
        1.1043564534991581,
        1.1042424189773263,
        1.1041081982778713,
        1.1039502259482437,
        1.1037643098081957,
        1.1035455219538124,
        1.1032880712567852,
        1.1029851543921494,
        1.1026287820208054,
        1.1022095763186637,
        1.1017165355935887,
        1.1011367612835952,
        1.1004551422150814,
        1.0996539906637375,
        1.0987126245694818,
        1.0976068903051155,
        1.0963086208184982,
        1.094785024940837,
        1.2,
        1.2,
        1.1956920219171947,
        1.1666640471476242,
        1.1364194917642942,
        1.1049677816670294,
        1.072315333754208,
        1.0384666828913514,
        1.0034259836857253,
        0.9671989631998071,
        0.9297953989202736,
        0.8912321845458824,
        0.8515370196469727,
        0.8107527124937064,
        0.76894201302496
      ],
      "metrics": {
        "resilience_index": 0.9046705184730393,
        "avg_excitation": 1.0421530134447936,
        "max_excitation": 1.2,
        "min_excitation": 0.76894201302496,
        "critical_pressure": 0.9795918367346939,
        "min_gradient": -2.0235776622393082,
        "inflection_points": [
          0.673469387755102,
          0.7142857142857142
        ],
        "high_pressure_mean": 0.9438634073829915,
        "gradient_std": 1.11930963287173,
        "is_plausible": {
          "checks": [
            [
              "无负值",
              true
            ],
            [
              "韧性合理",
              true
            ],
            [
              "高压行为合理",
              true
            ]
          ],
          "plausibility_score": 1.0,
          "is_acceptable": true
        }
      },
      "plausibility_score": 0.7
    },